item_id,section,critical,speakers,complement
t01_c1,term,y,s01|s02|s03|s04|s05|s06,
t01_c2,term,y,s01|s02|s03|s04|s05|s06,
t01_c3,term,y,s01|s02|s03|s04|s05|s06,
t02_c1,term,n,s01|s03|s05,s02|s04|s06
t02_c2,term,n,s01|s02|s04,s03|s05|s06
t02_c3,term,n,s01|s05|s06,s02|s03|s04
t03_c1,term,y,s01|s02|s03|s04|s05|s06,
t03_c2,term,y,s01|s02|s03|s04|s05|s06,
t03_c3,term,y,s01|s02|s03|s04|s05|s06,
t04_c1,term,n,s01|s03|s06,s02|s04|s05
t04_c2,term,n,s03|s05|s06,s01|s02|s04
t04_c3,term,n,s01|s02|s03,s04|s05|s06
t05_c1,term,n,s02|s03|s04,s01|s05|s06
t05_c2,term,n,s03|s04|s06,s01|s02|s05
t05_c3,term,n,s04|s05|s06,s01|s02|s03
t06_c1,term,n,s02|s04|s05,s01|s03|s06
t06_c2,term,n,s01|s02|s05,s03|s04|s06
t06_c3,term,n,s01|s05|s06,s02|s03|s04
t07_c1,term,n,s01|s03|s06,s02|s04|s05
t07_c2,term,n,s01|s02|s06,s03|s04|s05
t07_c3,term,n,s02|s04|s06,s01|s03|s05
t08_c1,term,n,s03|s04|s05,s01|s02|s06
t08_c2,term,n,s02|s03|s04,s01|s05|s06
t08_c3,term,n,s02|s04|s06,s01|s03|s05
t09_c1,term,n,s02|s03|s06,s01|s04|s05
t09_c2,term,n,s01|s04|s05,s02|s03|s06
t09_c3,term,n,s01|s02|s04,s03|s05|s06
t10_c1,term,y,s01|s02|s03|s04|s05|s06,
t10_c2,term,y,s01|s02|s03|s04|s05|s06,
t10_c3,term,y,s01|s02|s03|s04|s05|s06,
t11_c1,term,n,s01|s02|s06,s03|s04|s05
t11_c2,term,n,s02|s03|s05,s01|s04|s06
t11_c3,term,n,s01|s03|s05,s02|s04|s06
t12_c1,term,n,s01|s04|s06,s02|s03|s05
t12_c2,term,n,s02|s03|s04,s01|s05|s06
t12_c3,term,n,s02|s05|s06,s01|s03|s04
t13_c1,term,y,s01|s02|s03|s04|s05|s06,
t13_c2,term,y,s01|s02|s03|s04|s05|s06,
t13_c3,term,y,s01|s02|s03|s04|s05|s06,
t14_c1,term,n,s01|s03|s05,s02|s04|s06
t14_c2,term,n,s02|s05|s06,s01|s03|s04
t14_c3,term,n,s01|s04|s05,s02|s03|s06
t15_c1,term,n,s01|s04|s05,s02|s03|s06
t15_c2,term,n,s02|s04|s05,s01|s03|s06
t15_c3,term,n,s02|s05|s06,s01|s03|s04
t16_c1,term,n,s01|s02|s03,s04|s05|s06
t16_c2,term,n,s03|s04|s05,s01|s02|s06
t16_c3,term,n,s01|s02|s04,s03|s05|s06
t17_c1,term,n,s02|s05|s06,s01|s03|s04
t17_c2,term,n,s01|s04|s06,s02|s03|s05
t17_c3,term,n,s03|s05|s06,s01|s02|s04
t18_c1,term,n,s01|s03|s06,s02|s04|s05
t18_c2,term,n,s01|s02|s06,s03|s04|s05
t18_c3,term,n,s01|s02|s05,s03|s04|s06
t19_c1,term,n,s01|s03|s04,s02|s05|s06
t19_c2,term,n,s01|s03|s05,s02|s04|s06
t19_c3,term,n,s01|s04|s06,s02|s03|s05
t20_c1,term,n,s03|s04|s06,s01|s02|s05
t20_c2,term,n,s04|s05|s06,s01|s02|s03
t20_c3,term,n,s01|s04|s05,s02|s03|s06
t21_c1,term,n,s01|s02|s03,s04|s05|s06
t21_c2,term,n,s02|s04|s06,s01|s03|s05
t21_c3,term,n,s03|s04|s06,s01|s02|s05
t22_c1,term,n,s02|s03|s05,s01|s04|s06
t22_c2,term,n,s03|s04|s05,s01|s02|s06
t22_c3,term,n,s01|s05|s06,s02|s03|s04
t23_c1,term,n,s01|s02|s05,s03|s04|s06
t23_c2,term,n,s03|s05|s06,s01|s02|s04
t23_c3,term,n,s02|s04|s05,s01|s03|s06
t24_c1,term,n,s04|s05|s06,s01|s02|s03
t24_c2,term,n,s03|s04|s06,s01|s02|s05
t24_c3,term,n,s01|s02|s03,s04|s05|s06
t25_c1,term,y,s01|s02|s03|s04|s05|s06,
t25_c2,term,y,s01|s02|s03|s04|s05|s06,
t25_c3,term,y,s01|s02|s03|s04|s05|s06,
t26_c1,term,n,s03|s04|s05,s01|s02|s06
t26_c2,term,n,s04|s05|s06,s01|s02|s03
t26_c3,term,n,s01|s03|s04,s02|s05|s06
t27_c1,term,n,s03|s05|s06,s01|s02|s04
t27_c2,term,n,s02|s04|s06,s01|s03|s05
t27_c3,term,n,s01|s03|s04,s02|s05|s06
t28_c1,term,n,s01|s02|s06,s03|s04|s05
t28_c2,term,n,s02|s04|s05,s01|s03|s06
t28_c3,term,n,s02|s03|s06,s01|s04|s05
t29_c1,term,n,s01|s02|s04,s03|s05|s06
t29_c2,term,n,s02|s03|s06,s01|s04|s05
t29_c3,term,n,s01|s03|s04,s02|s05|s06
t30_c1,term,n,s01|s02|s05,s03|s04|s06
t30_c2,term,n,s01|s03|s06,s02|s04|s05
t30_c3,term,n,s02|s03|s05,s01|s04|s06
e01_c1,entity,n,s03|s04|s05,s01|s02|s06
e01_c2,entity,n,s01|s02|s05,s03|s04|s06
e02_c1,entity,n,s01|s03|s05,s02|s04|s06
e02_c2,entity,n,s02|s03|s06,s01|s04|s05
e03_c1,entity,n,s03|s04|s05,s01|s02|s06
e03_c2,entity,n,s01|s03|s04,s02|s05|s06
e04_c1,entity,n,s01|s03|s06,s02|s04|s05
e04_c2,entity,n,s01|s02|s05,s03|s04|s06
e05_c1,entity,n,s02|s03|s05,s01|s04|s06
e05_c2,entity,n,s01|s02|s06,s03|s04|s05
e06_c1,entity,n,s02|s04|s06,s01|s03|s05
e06_c2,entity,n,s02|s05|s06,s01|s03|s04
e07_c1,entity,n,s02|s03|s05,s01|s04|s06
e07_c2,entity,n,s01|s04|s05,s02|s03|s06
e08_c1,entity,n,s01|s02|s06,s03|s04|s05
e08_c2,entity,n,s02|s04|s05,s01|s03|s06
e09_c1,entity,n,s01|s05|s06,s02|s03|s04
e09_c2,entity,n,s02|s03|s06,s01|s04|s05
e10_c1,entity,n,s01|s02|s03,s04|s05|s06
e10_c2,entity,n,s03|s04|s06,s01|s02|s05
e11_c1,entity,n,s04|s05|s06,s01|s02|s03
e11_c2,entity,n,s02|s05|s06,s01|s03|s04
e12_c1,entity,n,s01|s03|s04,s02|s05|s06
e12_c2,entity,n,s01|s02|s04,s03|s05|s06
e13_c1,entity,n,s02|s04|s05,s01|s03|s06
e13_c2,entity,n,s03|s05|s06,s01|s02|s04
e14_c1,entity,n,s02|s03|s04,s01|s05|s06
e14_c2,entity,n,s04|s05|s06,s01|s02|s03
e15_c1,entity,n,s03|s04|s06,s01|s02|s05
e15_c2,entity,n,s03|s05|s06,s01|s02|s04
e16_c1,entity,n,s01|s04|s06,s02|s03|s05
e16_c2,entity,n,s01|s03|s05,s02|s04|s06
e17_c1,entity,n,s01|s04|s05,s02|s03|s06
e17_c2,entity,n,s01|s03|s06,s02|s04|s05
e18_c1,entity,n,s02|s03|s04,s01|s05|s06
e18_c2,entity,n,s02|s04|s06,s01|s03|s05
e19_c1,entity,n,s01|s02|s04,s03|s05|s06
e19_c2,entity,n,s01|s04|s06,s02|s03|s05
e20_c1,entity,n,s01|s02|s03,s04|s05|s06
e20_c2,entity,n,s01|s05|s06,s02|s03|s04
a01,amount,n,s03|s04|s06,s01|s02|s05
a02,amount,n,s03|s05|s06,s01|s02|s04
a03,amount,n,s04|s05|s06,s01|s02|s03
a04,amount,n,s01|s02|s03,s04|s05|s06
a05,amount,n,s01|s05|s06,s02|s03|s04
a06,amount,n,s02|s03|s04,s01|s05|s06
a07,amount,n,s02|s03|s05,s01|s04|s06
a08,amount,n,s01|s02|s04,s03|s05|s06
a09,amount,n,s01|s04|s06,s02|s03|s05
a10,amount,n,s01|s02|s05,s03|s04|s06
d01,date,n,s01|s03|s04,s02|s05|s06
d02,date,n,s02|s04|s06,s01|s03|s05
d03,date,n,s01|s03|s06,s02|s04|s05
d04,date,n,s01|s02|s06,s03|s04|s05
d05,date,n,s02|s04|s05,s01|s03|s06
d06,date,n,s03|s04|s05,s01|s02|s06
d07,date,n,s01|s03|s05,s02|s04|s06
d08,date,n,s02|s05|s06,s01|s03|s04
d09,date,n,s02|s03|s06,s01|s04|s05
d10,date,n,s01|s04|s05,s02|s03|s06
q01,question,n,s01|s02|s03,s04|s05|s06
q02,question,n,s01|s02|s04,s03|s05|s06
q03,question,n,s04|s05|s06,s01|s02|s03
q04,question,n,s02|s03|s04,s01|s05|s06
q05,question,n,s02|s03|s05,s01|s04|s06
q06,question,n,s01|s05|s06,s02|s03|s04
q07,question,n,s03|s05|s06,s01|s02|s04
q08,question,n,s01|s04|s06,s02|s03|s05
q09,question,n,s03|s04|s06,s01|s02|s05
q10,question,n,s01|s02|s05,s03|s04|s06
